data,carne,frango,arroz,feijao,tomate,cebola,alho,dia_semana,mes,dia_mes,fim_semana
2024-04-01 23:38:34.267733,102.48357076505616,78.39511811245666,50.48961313774421,39.838566839782835,29.792316024024338,20.441940649569407,9.200937824058126,0,4,1,0
2024-04-02 23:38:34.267733,108.23966172953166,88.04115651555172,52.019559673656204,43.72966367478721,30.842847616182222,20.695797569634667,11.124184656579727,1,4,2,0
2024-04-03 23:38:34.267733,115.12545724207475,89.55998124438422,56.96413916507183,40.7584044515643,33.252569479542345,23.788335290060523,12.200856266800555,2,4,3,0
2024-04-04 23:38:34.267733,114.997956283675,86.29694999550323,49.43494449022283,44.78577815005891,30.939061419176515,21.377973268042712,10.056693697867082,3,4,4,0
2024-04-05 23:38:34.267733,98.34493388861225,76.52052147436127,52.330739474428576,40.499257256687564,28.983925053961595,19.921989775390635,10.046423160028091,4,4,5,0
2024-04-06 23:38:34.267733,93.66536844390693,75.96688327995804,48.59952032035903,39.93044151118043,29.333683575226765,19.675425068987124,9.152614233966979,5,4,6,1
2024-04-07 23:38:34.267733,105.26110914892857,79.88402922209508,49.32259687148049,33.153507272169264,31.71437027794459,19.706225145541822,9.949448110235679,6,4,7,1
2024-04-08 23:38:34.267733,109.36906961474706,90.23009120636617,55.22267544435504,46.389507797154465,32.25157608542923,22.05951582770975,10.562763485606128,0,4,8,0
2024-04-09 23:38:34.267733,111.00212361372041,94.51667973905697,60.83843388285403,45.06061896104772,32.211024069965774,22.957023273880857,11.014206099817363,1,4,9,0
2024-04-10 23:38:34.267733,117.65202086064821,100.56410634422093,60.00553548390452,48.19205389056238,35.148670195145726,22.37540675390324,11.737858206707374,2,4,10,0
2024-04-11 23:38:34.267733,106.66340125457319,84.1150015233562,49.88805928098864,41.51238403320313,34.48909414555913,22.1576014689332,11.800223026756921,3,4,11,0
2024-04-12 23:38:34.267733,97.38862029960862,83.26309780085063,46.659692116890696,41.112455437109105,29.0005063637589,18.79972760617132,9.87627501088234,4,4,12,0
2024-04-13 23:38:34.267733,94.96923085913,75.74090362399326,45.317663306410715,35.396936674172615,27.92680010038057,18.860443606036487,9.735820921204073,5,4,13,1
2024-04-14 23:38:34.267733,85.53288502890409,84.83864073462514,47.61487075162363,36.79217657948562,28.551818167751723,18.986627259794155,8.863292146283726,6,4,14,1
2024-04-15 23:38:34.267733,93.48993146524292,78.45842336082586,52.35140786507685,44.6738709588568,29.457008718719063,20.21478726828908,9.733233874371804,0,4,15,0
2024-04-16 23:38:34.267733,106.01312155668677,83.7007599935902,52.597920068562146,43.148458879629956,33.61978841163327,21.636374329139393,11.118659059229351,1,4,16,0
2024-04-17 23:38:34.267733,104.3843460260807,85.16123072042618,55.191167725069114,44.214266397460584,32.653128265414175,20.007851280052925,11.686908177043268,2,4,17,0
2024-04-18 23:38:34.267733,104.38448103128889,73.75501259741078,49.51816485327295,42.86543320870251,31.473271976354297,20.013923965921542,10.459131111224082,3,4,18,0
2024-04-19 23:38:34.267733,88.73388510633792,72.51618430043214,45.108208234492125,38.30096596952281,26.650963378480046,18.74764599792991,9.170871533132821,4,4,19,0
2024-04-20 23:38:34.267733,80.38756134953799,66.92273323875676,40.207887185986664,35.28046975277293,25.578536506379216,17.64967236324029,8.74455368833312,5,4,20,1
2024-04-21 23:38:34.267733,96.56709926766544,71.99265948435097,42.31134459625158,36.42546417415552,27.855228663658956,16.820095943685576,8.298681675320909,6,4,21,1
2024-04-22 23:38:34.267733,95.76897384771284,78.88530818322506,45.06971616103193,43.56597331053476,28.510106876906008,20.645278910893804,9.992043198192235,0,4,22,0
2024-04-23 23:38:34.267733,104.71249802316285,91.00456895664212,49.747745367418275,41.634705205822115,33.90290287676707,20.008796551730143,10.878652231134026,1,4,23,0
2024-04-24 23:38:34.267733,98.7822023878501,88.52645000787811,55.58707615097829,42.764575420996884,31.172328717253315,22.150645864310214,10.364549165475198,2,4,24,0
2024-04-25 23:38:34.267733,97.66161264648333,77.99920639263777,47.818265912474764,42.25471929965892,30.452084969360605,20.503899615693534,9.803331553031175,3,4,25,0
2024-04-26 23:38:34.267733,92.74884596890267,70.16172773088924,52.67807167227014,39.08874507405731,29.05715615391564,17.792619294226867,9.352362416861359,4,4,26,0
2024-04-27 23:38:34.267733,82.13652634816627,72.28087207424825,45.17904186984112,37.530658305231874,24.23989967118379,19.35360973966507,8.570789555507481,5,4,27,1
2024-04-28 23:38:34.267733,93.10009521114016,67.69635126744687,46.072892868943086,37.76610249182309,24.725268317852375,17.05068419212588,9.08909420462827,6,4,28,1
2024-04-29 23:38:34.267733,97.26534648361041,87.54066700998096,47.98837551614918,37.82140614782081,27.79207750810619,20.97286216025089,11.076714887903702,0,4,29,0
2024-04-30 23:38:34.267733,107.4209494283837,91.8212950247652,56.19048378719752,46.818630335542224,34.557701608345795,22.776465953512993,10.76442896736201,1,4,30,0
2024-05-01 23:38:34.267733,108.2842694382685,87.15753939111357,54.20730668411331,42.22443021372882,32.560053530985975,21.587940290806454,10.950110173930938,2,5,1,0
2024-05-02 23:38:34.267733,115.72941379648927,78.32188018279214,53.53903597358569,43.19248008005589,35.777705790685744,22.686069874853242,10.323031384576877,3,5,2,0
2024-05-03 23:38:34.267733,98.77264130919102,84.48759144296622,55.82027506211234,38.02749927311356,28.805666831878128,19.517978971977186,10.256108729038038,4,5,3,0
2024-05-04 23:38:34.267733,89.64193555781372,75.4862327810641,47.22509535198498,37.8439193878513,28.755974015573525,19.2747916697985,9.402436933650272,5,5,4,1
2024-05-05 23:38:34.267733,102.49259601052707,83.65516240790274,52.063119040719755,40.00947340061141,31.82712636385515,19.936296128773446,9.5133006258404,6,5,5,1
2024-05-06 23:38:34.267733,101.06045409986248,79.35402724459662,51.82439511204409,43.50858337078758,35.15854103715397,21.298625728472974,11.377119251108267,0,5,6,0
2024-05-07 23:38:34.267733,116.14889929418159,89.68616496351116,57.4648194333365,46.88567403613369,37.62362976070194,23.83172453699135,12.220259634172601,1,5,7,0
2024-05-08 23:38:34.267733,106.72320752576844,93.23822131500661,62.68778066167244,49.83604579618423,36.76901678943991,24.097800349585683,11.351944031647381,2,5,8,0
2024-05-09 23:38:34.267733,103.88375830947656,88.60767321823394,53.694926632514935,45.11694402461544,34.69350035490781,20.356405737555562,10.119198879716562,3,5,9,0
2024-05-10 23:38:34.267733,102.66265429063928,79.54241660311796,55.37029545063915,40.18302597393617,31.39229485718987,21.640009865136882,10.671591656047827,4,5,10,0
2024-05-11 23:38:34.267733,100.24055873420974,79.72998039677614,50.04349275575504,40.5474646702698,30.132009364519764,17.647153178810864,9.312507670543267,5,5,11,1
2024-05-12 23:38:34.267733,99.59626365812517,74.72105608420988,47.96354418635199,41.87470987871941,28.795048101159797,20.780430654776723,10.269255024798918,6,5,12,1
2024-05-13 23:38:34.267733,105.60361394729058,84.37596634730026,54.671947027254696,40.01752651341874,30.627258282636078,22.363076208673938,9.633133627067261,0,5,13,0
2024-05-14 23:38:34.267733,111.21146135284334,90.65476639147943,58.78987603946172,46.28159207201563,33.81003226312051,21.452429535942763,11.717996652228633,1,5,14,0
2024-05-15 23:38:34.267733,105.39137823893464,92.2849458888524,57.946519000928866,46.515940760930505,33.57991952344413,22.145983350199767,10.672812854436785,2,5,15,0
2024-05-16 23:38:34.267733,102.05828550889164,87.37246475304771,48.90319147570645,41.667875613626094,31.017409891268642,20.0257966416871,10.93113271461978,3,5,16,0
2024-05-17 23:38:34.267733,93.72489666390089,72.32390404760838,46.196202319787744,41.16264983410317,29.85300832679502,18.99069707345123,9.6099455857882,4,5,17,0
2024-05-18 23:38:34.267733,95.77038348189618,66.25136119769878,44.62358958652204,35.89379776625559,28.578389518096248,17.78892018597458,8.571507525381838,5,5,18,1
2024-05-19 23:38:34.267733,94.2786022083773,79.15911589602203,46.09417180751738,37.27535721115708,27.900763557598268,19.291762684376337,9.052532919590108,6,5,19,1
2024-05-20 23:38:34.267733,91.27391217716051,81.40054641109771,51.596236720863786,39.68950153302193,32.24302900777515,21.328131336914442,10.352070523875769,0,5,20,0
2024-05-21 23:38:34.267733,108.49318176743243,82.50426339014055,53.88063346256236,42.78026286334631,30.349294904937278,22.770236194881647,10.740223418603463,1,5,21,0
2024-05-22 23:38:34.267733,105.47138988624272,92.12204893274952,50.3600397473869,40.76617034153932,31.928551197577708,20.91719223108656,11.031886619068672,2,5,22,0
2024-05-23 23:38:34.267733,97.63759604994327,81.28046337834989,51.461597653251445,37.52878065540064,29.231428334537714,19.995219336550086,11.090440897405049,3,5,23,0
2024-05-24 23:38:34.267733,95.5401084890097,78.70257037209959,47.76732788561224,40.18170094437209,24.94471318783202,16.812907216740122,8.466051898625011,4,5,24,0
2024-05-25 23:38:34.267733,93.45863652829514,70.91298505829275,45.551295577735296,33.6275328696895,26.36707064598057,16.854857716666892,9.63897017906585,5,5,25,1
2024-05-26 23:38:34.267733,96.52602798025018,81.73869360726329,48.636765506221145,34.76506625495506,27.37826695282583,19.338777110031295,9.239140707228525,6,5,26,1
2024-05-27 23:38:34.267733,96.65135836996254,87.6993201586334,52.50852837941012,36.032198167222866,32.52440841068592,21.785072020763376,9.635352574446008,0,5,27,0
2024-05-28 23:38:34.267733,107.39579467092413,86.15762864622788,55.618878473161196,42.29881912469308,33.62877449188623,20.55402243815612,10.229028842148526,1,5,28,0
2024-05-29 23:38:34.267733,112.29554661710463,92.39766737188688,55.1442004513968,41.60951219721973,31.655488601532237,21.535381632864468,10.969362750620164,2,5,29,0
2024-05-30 23:38:34.267733,110.23332101337459,86.86598010055084,48.52539535509142,45.42626847137786,34.38781746283012,21.044713318593633,10.996384593738512,3,5,30,0
2024-05-31 23:38:34.267733,95.45380279815855,83.75426542003738,49.99888254152396,41.159503773639265,31.18645273950353,19.850095956296606,9.721192838549733,4,5,31,0
2024-06-01 23:38:34.267733,93.66124454414619,71.81193769965179,47.81398893164041,36.45951508063065,29.250008383442502,18.108304365571406,10.2145314078702,5,6,1,1
2024-06-02 23:38:34.267733,93.29263268684988,81.80365188549779,50.09110087142845,44.03459463344063,29.30756611878926,20.188922555840097,9.156842910662224,6,6,2,1
2024-06-03 23:38:34.267733,102.11139305218073,90.70763888546563,50.85434164674126,45.20050144301682,30.988568996690002,21.144645887445897,10.80319814333538,0,6,3,0
2024-06-04 23:38:34.267733,120.11655176840321,85.80818017945332,55.32431997719546,45.77190629555564,34.25786663282309,23.196332260408163,10.979195543436662,1,6,4,0
2024-06-05 23:38:34.267733,124.04237325526593,89.07590443926635,61.26346868953817,41.90565781521758,36.81147486327983,23.998518870486066,11.907933252553667,2,6,5,0
2024-06-06 23:38:34.267733,110.89846529529646,80.8498840115181,55.530370066957424,49.085291506460734,36.20443422986135,22.258125450450564,11.569295285368463,3,6,6,0
2024-06-07 23:38:34.267733,107.92649471909006,81.24943684592571,53.158166858246524,38.384387158324785,33.18751436129726,20.145380155399415,10.080502126122466,4,6,7,0
2024-06-08 23:38:34.267733,100.50888335979143,81.83073161082646,49.42114755760278,36.18948379990752,28.876936837686564,19.63053084298482,8.567963395141758,5,6,8,1
2024-06-09 23:38:34.267733,98.60615530818113,87.4748314733495,50.99026738934273,42.777842496501975,28.870100074428507,20.277987857036017,10.282649481518922,6,6,9,1
2024-06-10 23:38:34.267733,111.59667283232777,88.12813496550767,57.24055691733285,48.79538273459283,33.14823781180252,21.587927931075015,11.197338756345324,0,6,10,0
2024-06-11 23:38:34.267733,123.95210155679844,99.52399716186002,56.840847541690856,49.273313126808475,32.2259165689963,22.99358768222661,11.828339249927707,1,6,11,0
2024-06-12 23:38:34.267733,115.74880140947863,87.22193945116315,58.204267744866655,47.498990882116075,35.26313105278569,24.784233491510395,12.210684256413915,2,6,12,0
2024-06-13 23:38:34.267733,116.32990906918164,79.99182287466867,53.0976571732932,44.59218499937521,32.33060335758548,22.262257605963562,10.315142239186637,3,6,13,0
2024-06-14 23:38:34.267733,85.89588163829376,78.97349493140752,48.41106301079046,41.30467398105761,28.99932739482038,19.503441113719337,10.239568768599474,4,6,14,0
2024-06-15 23:38:34.267733,98.02247229677765,76.66662961567846,46.18354957877917,39.08304108953415,25.78183333157027,19.479546359491042,9.987549733729143,5,6,15,1
2024-06-16 23:38:34.267733,96.83893690043233,76.9921822550168,48.75718520870502,39.12386347163534,29.691510627627014,18.946920822092284,8.75107636392089,6,6,16,1
2024-06-17 23:38:34.267733,102.38911611046109,74.83755389007284,50.74520487723652,41.76206335301992,30.366194599344258,21.949955210144726,10.54824119923853,0,6,17,0
2024-06-18 23:38:34.267733,110.49306222282821,87.67092651406941,58.15651948400915,43.88851708026124,31.25540224847978,22.376493860228234,10.751335918511236,1,6,18,0
2024-06-19 23:38:34.267733,99.67302020745909,82.47081382235143,52.56891413468302,42.336416734452065,28.574866114216594,21.814870812088483,10.920325141495532,2,6,19,0
2024-06-20 23:38:34.267733,101.34547807942525,84.63376021021041,50.75473964890301,40.416184853711584,30.69187889800789,20.936484429532843,10.41822199363045,3,6,20,0
2024-06-21 23:38:34.267733,95.37378113290951,76.33696760466802,45.69478149198996,34.04937368174954,30.734842877609854,17.14676750300166,9.115207545478302,4,6,21,0
2024-06-22 23:38:34.267733,96.90570171758718,67.85346604979425,48.37556045782413,35.60981334396234,29.346758269985685,16.776478829866114,8.613769109807153,5,6,22,1
2024-06-23 23:38:34.267733,90.63918864360862,72.5289641186347,47.10665680876736,35.3150336796889,27.283517535613647,17.452182940596316,9.340130182241698,6,6,23,1
2024-06-24 23:38:34.267733,97.95443441835103,77.36066785869777,53.57806256508007,38.59158233869524,29.69575263930242,20.5423235813271,9.656067273850296,0,6,24,0
2024-06-25 23:38:34.267733,106.90332465187231,87.2789715067433,50.99215400230507,44.124632250224955,33.52679434505104,23.61493697344409,10.398298422536907,1,6,25,0
2024-06-26 23:38:34.267733,114.81909343289603,92.01423555751347,55.78866708686597,46.880837710443465,31.57504669453326,24.279716715069767,11.363894925916817,2,6,26,0
2024-06-27 23:38:34.267733,106.01239985992387,79.55201126395818,54.40839914487131,43.5840909366548,31.763281143216833,21.511779963765846,9.862467413583216,3,6,27,0
2024-06-28 23:38:34.267733,94.2095795174493,79.50289049109897,48.634900241330804,35.60235100726744,30.20663457846238,19.872520582201354,10.018994304083053,4,6,28,0
2024-06-29 23:38:34.267733,96.6687138719616,73.16087089162609,49.71488929086079,35.66169440941725,30.071112847744907,17.019417607126222,9.641533317066457,5,6,29,1
2024-06-30 23:38:34.267733,99.43509100996897,75.98827128153363,48.18163050636345,41.46142368126793,29.534679864248698,19.247266852911732,9.032066961927578,6,6,30,1
2024-07-01 23:38:34.267733,113.36252951774028,86.38732221224244,57.78302088300187,41.44274703895371,32.2502807442573,20.916077161106926,10.513148130339756,0,7,1,0
2024-07-02 23:38:34.267733,112.83755559663608,88.93728756314077,63.92115584205954,46.089862126415085,33.58737243967201,22.64871661495345,12.231836808125971,1,7,2,0
2024-07-03 23:38:34.267733,115.61083148544373,91.58471655335732,57.71747470811713,47.999761085422136,33.934422134469976,23.28168462510172,11.234331456273416,2,7,3,0
2024-07-04 23:38:34.267733,109.24847595924932,84.17570180957269,54.49075205895312,42.54691778023677,33.02298667962074,21.769712767284894,10.888699541336317,3,7,4,0
2024-07-05 23:38:34.267733,96.05073958672843,90.55355199357678,55.317618356488765,41.558076743247526,31.561542558440976,18.694363055102016,10.56786187936485,4,7,5,0
2024-07-06 23:38:34.267733,101.5894188941824,80.22810821497453,54.00333911875654,37.3754760137074,31.40302219200773,20.769673757889436,10.402577005527249,5,7,6,1
2024-07-07 23:38:34.267733,105.51042461303943,80.56521656974164,50.795424058186825,40.47932401295356,30.05677604962148,19.76828662468819,10.29474538219175,6,7,7,1
2024-07-08 23:38:34.267733,112.73859062389297,91.02633831548144,55.30604462760069,45.72477320455734,36.05293985564349,22.781851532247288,10.972547236722248,0,7,8,0
2024-07-09 23:38:34.267733,118.01975364832448,94.90483925339686,58.89188313544884,44.49108825901675,35.35112139299621,25.912620532790015,12.630453862369276,1,7,9,0
2024-07-10 23:38:34.267733,111.50803101244071,93.98402938002133,55.9313160837607,48.3149033649979,35.543414475285175,22.79759235295213,12.727938304168067,2,7,10,0
2024-07-11 23:38:34.267733,108.94550351074552,91.29565089983157,53.22773519607566,44.38021645197557,32.19380151864996,19.67945850216814,11.59430203784813,3,7,11,0
2024-07-12 23:38:34.267733,100.14277134650482,84.51510598350015,48.41782004768916,41.847517480489756,26.920542788332188,20.08526456394762,10.228293464196378,4,7,12,0
2024-07-13 23:38:34.267733,93.41189947032413,75.81662406270367,46.79214899545579,39.41714259470221,30.55305383947124,20.585616798285017,9.33819572082276,5,7,13,1
2024-07-14 23:38:34.267733,99.67196318192451,78.07944042962491,50.15248365166032,42.91963755604951,31.248783367715014,22.054025802271504,9.632616970747172,6,7,14,1
2024-07-15 23:38:34.267733,110.04798346676765,85.3219765575494,54.599401422688786,43.46154067837381,31.986327419131168,20.37599624208658,11.064029970902375,0,7,15,0
2024-07-16 23:38:34.267733,123.0833537795736,81.71425475987442,60.70246336879567,44.60215862715788,34.1962133578936,23.227184077940713,11.574441537796439,1,7,16,0
2024-07-17 23:38:34.267733,113.27267377951713,83.85906352349215,53.704007255831996,45.20450889220775,34.49384424116353,22.014646486291536,11.94077776800901,2,7,17,0
2024-07-18 23:38:34.267733,105.85203542677506,89.11892384830709,54.74294773277209,42.91230944733727,29.02546625661856,20.806908340328114,10.781653393584193,3,7,18,0
2024-07-19 23:38:34.267733,95.12299912862686,82.9760538199713,47.21264224316508,38.29581162363449,27.854989596217866,21.74338908850857,8.79798271986586,4,7,19,0
2024-07-20 23:38:34.267733,81.98149213880922,72.26413441401802,45.66401483352113,36.71132266852953,28.664001484024066,16.81209931466573,9.683508630391902,5,7,20,1
2024-07-21 23:38:34.267733,95.28024554904815,78.63647979325845,49.39345619356362,36.76114259490418,26.7424103431344,19.33630264675342,9.042251178972217,6,7,21,1
2024-07-22 23:38:34.267733,104.18591449758846,84.35281137648079,49.13557667003591,40.228103544051436,31.605765932614936,21.244645861342097,10.196490708812156,0,7,22,0
2024-07-23 23:38:34.267733,122.82855853594319,100.72540161263436,56.212198352218515,41.399728645807315,31.118831685119922,23.1882559196427,11.176334900477524,1,7,23,0
2024-07-24 23:38:34.267733,109.4074007551048,92.77366410894665,55.60073331003785,47.64683571797804,33.81040664735342,22.17182426927298,12.034754302793026,2,7,24,0
2024-07-25 23:38:34.267733,105.31573468832747,82.53472801540445,53.13512714835007,39.03547271988119,31.088937169551595,21.069650134835985,11.93575907566862,3,7,25,0
2024-07-26 23:38:34.267733,96.0110210592576,73.12550216382535,48.81521156366146,37.088021567521714,26.432676248476884,18.845267414134973,9.921819520346473,4,7,26,0
2024-07-27 23:38:34.267733,87.94556693039372,68.60538041376282,53.03272890902293,36.07876831625816,29.883796167233175,19.026918364943384,9.287297402488946,5,7,27,1
2024-07-28 23:38:34.267733,104.77759723272943,80.06464107159235,47.937391619448874,41.41524201795061,28.617157582849224,19.469504356533456,10.173601140255709,6,7,28,1
2024-07-29 23:38:34.267733,112.48813554533574,83.95737332438429,53.03674280344639,42.90148879617669,31.403162459048993,22.367265966236424,11.316674751127104,0,7,29,0
2024-07-30 23:38:34.267733,120.19019717996657,87.29901511741036,56.559667406313764,48.98949912324801,35.17136502927182,22.87739715290663,11.463169931696537,1,7,30,0
2024-07-31 23:38:34.267733,112.14304029721065,90.76569051997738,56.95629598769154,45.32900977998601,36.72994929549838,23.71509590813906,12.566603435074597,2,7,31,0
2024-08-01 23:38:34.267733,117.54048409238627,84.09501801570704,53.669788450586594,44.768593339529914,31.63422103284414,22.076039693856178,11.167686633366278,3,8,1,0
2024-08-02 23:38:34.267733,96.13479868612595,89.26380974036014,54.54456832781255,39.586927493515425,31.035735974798165,21.75486105078964,10.563276944554431,4,8,2,0
2024-08-03 23:38:34.267733,103.72533632976028,84.15939971640496,53.94678605035411,44.60671859985035,30.88054000872354,20.106816448563304,10.412067212103125,5,8,3,1
2024-08-04 23:38:34.267733,116.7607294699137,84.61487050742457,51.47735993605821,39.9481836982865,32.78219381315386,19.38865779996588,10.791638439393608,6,8,4,1
2024-08-05 23:38:34.267733,109.88242265815143,97.787859982604,55.336663209141854,46.553683133975994,34.71519361805729,24.228942357474963,11.902980678615291,0,8,5,0
2024-08-06 23:38:34.267733,118.50290814504818,97.3769906650401,61.84573728749703,49.80131247908901,35.84977727929363,23.361147057749786,11.82481308603274,1,8,6,0
2024-08-07 23:38:34.267733,121.02878583584426,92.9792864030118,58.8847068945006,49.039809799065424,34.91777337214874,23.45233946343239,11.77390202406759,2,8,7,0
2024-08-08 23:38:34.267733,110.50137008843737,96.50749499629333,58.09170372389796,44.83692402585193,34.034840332275074,22.00808837776018,10.75179771941599,3,8,8,0
2024-08-09 23:38:34.267733,96.56390835307145,85.60942058146033,52.665920306329305,41.467248803893995,29.686959134542228,22.23788319485124,10.651473166150325,4,8,9,0
2024-08-10 23:38:34.267733,101.04245731513343,76.41072933557682,46.560460933058565,40.367479920399546,25.82786700708908,18.004254274241966,10.459432495866388,5,8,10,1
2024-08-11 23:38:34.267733,99.15080159261778,82.8085014166642,56.09992308394931,41.49092406124234,31.99353575461099,24.03021256590965,10.675118449200774,6,8,11,1
2024-08-12 23:38:34.267733,114.57538143668633,86.2634624132693,60.593403824494004,46.81072594699398,35.01812804668242,23.497540665768135,12.05798814502481,0,8,12,0
2024-08-13 23:38:34.267733,112.84357019372008,88.42135416805394,57.18837395623358,51.397322549138345,31.687808756153974,23.711377187106983,11.741271127074386,1,8,13,0
2024-08-14 23:38:34.267733,123.26612449947325,96.117872169635,56.78897233735282,45.09159741973855,33.14033968525076,23.048396494260825,11.88601607523481,2,8,14,0
2024-08-15 23:38:34.267733,103.2694595903469,93.38624740350299,54.307526502826306,40.13468446165309,33.08444920711622,21.72269928526328,10.172722167133152,3,8,15,0
2024-08-16 23:38:34.267733,96.45032629418645,72.85423680489531,49.86645891257498,39.04768945338342,32.504433367131995,20.133249203422302,9.612513536284283,4,8,16,0
2024-08-17 23:38:34.267733,98.46657051690617,77.77106449080854,48.84585289671099,42.91901244733176,28.35088589053046,19.52501247196162,9.787667321788671,5,8,17,1
2024-08-18 23:38:34.267733,92.24387910236098,76.11599027113729,54.22461168918126,37.751931137872845,28.427455793515524,20.235244602909603,10.264371123824647,6,8,18,1
2024-08-19 23:38:34.267733,107.69648599061337,83.29884751901538,52.83722509006124,45.90190813792522,31.693411233620555,21.401417944773794,10.50893515792718,0,8,19,0
2024-08-20 23:38:34.267733,118.89301243212884,87.51626323161788,54.18290621901222,48.298321092439565,35.769504226937286,22.274121311836016,11.199930240142637,1,8,20,0
2024-08-21 23:38:34.267733,103.16041388813548,85.50230097003404,52.15061696043449,43.371955540960656,32.39040274959569,22.088292728534814,10.360846132753757,2,8,21,0
2024-08-22 23:38:34.267733,104.8277100427145,83.3177191118217,50.1249452751717,42.69978245839174,29.972574215040513,20.585999869657915,10.211939474601992,3,8,22,0
2024-08-23 23:38:34.267733,97.39977764323054,73.55649047194659,47.96736440380972,41.69693871505245,28.105993818323476,20.35384283126475,10.055227948958736,4,8,23,0
2024-08-24 23:38:34.267733,97.85794355959861,76.240890663689,51.460809259150494,36.82127619830985,26.75465584782555,19.383322562423274,9.682485428124489,5,8,24,1
2024-08-25 23:38:34.267733,93.2948051136284,79.3826944966185,48.44575108641897,39.3846627470028,30.027873074397835,16.95552309893948,10.198288727492486,6,8,25,1
2024-08-26 23:38:34.267733,102.433999811039,86.27323411370267,55.07761131732744,42.45115132268687,35.147902550642456,22.46315735182184,10.928515131236518,0,8,26,0
2024-08-27 23:38:34.267733,118.63245166331203,89.18794042001564,57.97031467743188,44.37958407270528,35.291442060242304,23.39928496176428,11.605805962836842,1,8,27,0
2024-08-28 23:38:34.267733,117.35402765229725,90.38819810663173,60.90553532668588,45.049086624320516,34.382201032649974,23.15511210078037,11.25674985887641,2,8,28,0
2024-08-29 23:38:34.267733,110.71350278640999,90.59039573104752,61.04785033202435,41.336534880347735,32.400594657030865,21.503689253847238,11.295518063569327,3,8,29,0
2024-08-30 23:38:34.267733,104.16964151810528,83.95358912699385,49.891528303009395,41.04312712476661,28.386433928141134,21.611592814110093,10.454226519256736,4,8,30,0
2024-08-31 23:38:34.267733,97.4893317062185,76.80134327209456,49.22112905075992,38.815835663527096,31.591501259954022,21.125417524945046,10.334954955407497,5,8,31,1
2024-09-01 23:38:34.267733,107.87955211532562,85.77195612533339,55.96954400743298,43.15488527538974,31.898729293336977,20.57077905808051,10.40881094161827,6,9,1,1
2024-09-02 23:38:34.267733,117.63102503550036,95.93807862869271,59.78756005856924,43.354473775195515,34.57897893031615,23.640184820925924,10.539894806965071,0,9,2,0
2024-09-03 23:38:34.267733,119.05994295955091,91.42773891526073,65.93261833918146,49.71444048430202,41.579171366672114,23.554683275395266,12.811746360845124,1,9,3,0
2024-09-04 23:38:34.267733,130.97666323403087,99.4916733121654,62.28371580246844,50.32617419454067,36.94246656604065,22.94993997087248,11.925360339826504,2,9,4,0
2024-09-05 23:38:34.267733,116.61111260827452,88.74306336718908,56.22274377489015,41.70930791634333,33.1448978259719,22.22167237615315,10.992806918349999,3,9,5,0
2024-09-06 23:38:34.267733,100.1935811793953,87.20247360669947,54.55168640943504,43.208152605858565,31.205493205314248,22.092413205464467,10.961749322497852,4,9,6,0
2024-09-07 23:38:34.267733,106.75353073635598,79.72357352837939,54.507140298050686,43.84364306222132,32.763897371751185,21.64727758401345,10.151069949359117,5,9,7,1
2024-09-08 23:38:34.267733,103.1787687158336,79.22221325091809,56.077293986478516,40.80158878940567,32.58555873589771,22.123520833491334,11.335185898720333,6,9,8,1
2024-09-09 23:38:34.267733,120.03854927923979,86.37233125688937,59.31974820803201,49.78639527788641,32.67352091068221,23.9457210389535,11.918815600841102,0,9,9,0
2024-09-10 23:38:34.267733,126.87146500480819,97.05512947446249,63.20593027885848,49.26943286264056,37.70238953479416,24.731875709069193,12.449633372577358,1,9,10,0
2024-09-11 23:38:34.267733,114.55135974631456,95.96270707734442,62.250624645150744,46.05188482371243,34.59421527311344,23.089472672391672,11.182499278207045,2,9,11,0
2024-09-12 23:38:34.267733,114.8457051943953,84.40579313812131,58.46980975168066,43.89999166395406,35.81859402877843,22.43768745430868,11.608854447510568,3,9,12,0
2024-09-13 23:38:34.267733,103.10570945074369,83.38781368795847,52.14267712700471,41.53337575146792,31.93261354339033,21.00877048843992,10.234805747223048,4,9,13,0
2024-09-14 23:38:34.267733,101.90047320969713,71.58605767870391,48.4772910040702,39.2680797467147,28.66606887942928,20.312325811758512,9.594378671349368,5,9,14,1
2024-09-15 23:38:34.267733,111.5282016968929,81.37107023230926,51.38890260789489,41.89520669834201,32.53479557768962,21.597760728199276,10.276117912033442,6,9,15,1
2024-09-16 23:38:34.267733,108.71348774695066,83.10827786252219,57.986486579753404,42.13482414462728,33.08391176388061,22.696389512594067,10.105925216247343,0,9,16,0
2024-09-17 23:38:34.267733,111.1669931954838,89.34119478260837,55.42549783116753,46.31299125498066,35.759862717864706,23.338583010995833,11.69789380746746,1,9,17,0
2024-09-18 23:38:34.267733,108.33887333026541,90.41875106798008,57.31490601137877,42.28714919754725,34.56303286945962,23.627439333995035,10.763958793748268,2,9,18,0
2024-09-19 23:38:34.267733,100.70371132245187,80.38455673668743,51.40803434282112,41.69065297621422,30.1652938416974,20.93003129020675,9.801941131806139,3,9,19,0
2024-09-20 23:38:34.267733,96.40291833925916,75.89251933214445,48.46607550050188,36.90755547160229,28.07120331742271,18.47581072603822,8.917663095524022,4,9,20,0
2024-09-21 23:38:34.267733,96.51893962752234,79.87571503960905,50.6027195332378,36.45421201619612,29.988895152403476,18.79956898674406,10.037662162838874,5,9,21,1
2024-09-22 23:38:34.267733,101.85113392944322,78.0665764681419,50.71158763644632,42.659258323538126,29.638140981678127,19.348633341752176,9.732136296432918,6,9,22,1
2024-09-23 23:38:34.267733,113.87708967553766,91.1357071925466,54.98667808556914,46.079089613331554,32.31687933424427,21.273056411097127,11.740981197994005,0,9,23,0
2024-09-24 23:38:34.267733,116.09216826822446,88.30289962843747,54.61393905196766,47.62913976534832,33.37546377362644,23.060913091051468,11.334815149357343,1,9,24,0
2024-09-25 23:38:34.267733,122.37509073232347,94.20515298889063,59.41934408833649,43.85834260926959,35.167624702351254,22.229064148307415,10.657063055857215,2,9,25,0
2024-09-26 23:38:34.267733,106.99954583639217,92.42453848469717,55.77512545414367,42.69631510164318,35.5906363796393,21.356604470877354,10.274020780283866,3,9,26,0
2024-09-27 23:38:34.267733,115.13280879112968,71.33899236603611,56.174118287354446,43.038980583231,28.858289516073068,18.41277792468253,10.771102105821628,4,9,27,0
2024-09-28 23:38:34.267733,103.77523136382078,77.3299346781147,49.554001725115384,40.54219167727812,30.23039757250786,20.342672632372093,9.986740373531243,5,9,28,1
2024-09-29 23:38:34.267733,102.840574346053,88.0093782112297,54.11105688322706,47.489203931217155,34.25623947156347,21.42647790098911,10.438492564568143,6,9,29,1
2024-09-30 23:38:34.267733,111.48437490087022,92.65888836876866,59.042877904864774,47.52217063525905,34.932189130484154,22.550678847166964,11.763892852043972,0,9,30,0
2024-10-01 23:38:34.267733,125.5698342557551,100.01056123711656,65.52236928917827,49.64708710479573,37.62579934823635,25.290740104340237,12.566638586037689,1,10,1,0
2024-10-02 23:38:34.267733,120.82851073735014,95.14071898432024,60.73467350102232,48.16009693718676,34.9901571069735,25.32673507042244,12.753281874349172,2,10,2,0
2024-10-03 23:38:34.267733,118.23209138445702,92.07603028108885,58.02859827142412,46.131917375163184,35.04108732001044,21.32485791843034,12.19045850634612,3,10,3,0
2024-10-04 23:38:34.267733,109.59965322574259,85.16406314073157,55.136473825728785,42.58844636838886,31.88932313335563,20.68396824200876,10.543462187392942,4,10,4,0
2024-10-05 23:38:34.267733,105.18945726990725,89.11400971319253,53.2433237244867,43.637658086653836,33.144675543477284,20.341578016851027,9.892336340278142,5,10,5,1
2024-10-06 23:38:34.267733,106.77775785747268,89.82706453145661,54.389779187531026,46.31809521271505,35.084597011691535,21.262442188454074,10.894440064219832,6,10,6,1
2024-10-07 23:38:34.267733,111.86358250081834,96.90066554769892,60.204134294369595,46.20314852868316,39.71569105030222,24.717038566781277,12.073922115716208,0,10,7,0
2024-10-08 23:38:34.267733,122.02977669236344,97.76237329766897,64.8152551009987,47.04247467396386,38.148155195629926,24.658644151766907,11.944355682164549,1,10,8,0
2024-10-09 23:38:34.267733,125.7808935589302,95.24869477356029,58.18316154512877,44.927149088718544,36.9383643510671,24.035265076151955,11.671314501283764,2,10,9,0
2024-10-10 23:38:34.267733,113.84839535867842,88.49210855914343,56.721387504380886,46.127153309036046,34.12495444377422,20.551722963198724,11.449686604577682,3,10,10,0
2024-10-11 23:38:34.267733,97.90611780601336,84.88565792917184,50.317103812438724,39.447191467481574,30.710694070655958,21.462380370123885,10.389154994172106,4,10,11,0
2024-10-12 23:38:34.267733,102.33436738949746,79.49083228491219,53.721847952432874,36.28160391819166,30.948264593265,19.054434157194837,10.16324477372995,5,10,12,1
2024-10-13 23:38:34.267733,108.03321680118967,86.04440334962204,49.245347689313306,43.219809170080126,31.3888868555551,21.281258610775424,10.231415322904514,6,10,13,1
2024-10-14 23:38:34.267733,109.41383533965568,99.36810121111081,55.519256642151696,50.51924804313011,34.40262822060282,23.044001442090458,11.268111894963251,0,10,14,0
2024-10-15 23:38:34.267733,118.88042251797104,97.97393640432149,59.99892818178301,47.23257697221758,37.409935399884965,24.983017993487337,11.349063126690188,1,10,15,0
2024-10-16 23:38:34.267733,115.35674337122643,90.74846569452578,61.44665996258407,47.703261460501864,33.00989608577947,21.704319556680176,11.951669183462037,2,10,16,0
2024-10-17 23:38:34.267733,100.72649125068082,89.95792988052294,53.056295717234505,42.740195813028706,33.64222066364375,18.268756392145963,11.16175894134527,3,10,17,0
2024-10-18 23:38:34.267733,100.10213311757032,77.01825556057692,47.768599341181464,39.12749921994928,31.46963149575847,19.846488807919478,8.908225700463845,4,10,18,0
2024-10-19 23:38:34.267733,99.3117067763098,69.05372917486349,52.9567847458358,40.44126662376299,28.77523245285397,21.102068010404583,9.186022984350657,5,10,19,1
2024-10-20 23:38:34.267733,107.6250914549278,77.73552294757152,47.4848828684851,40.303385007243264,27.480168223202536,21.680913400749724,9.472718896360103,6,10,20,1
2024-10-21 23:38:34.267733,116.34441093938335,81.37715285926363,50.04068544805421,44.96494489982734,32.410887223121,22.42473955111639,10.782528100717432,0,10,21,0
2024-10-22 23:38:34.267733,109.6344209747331,91.81216031544962,59.36142003239261,47.25250273819945,36.90232216419723,22.812917377271663,11.610557796556675,1,10,22,0
2024-10-23 23:38:34.267733,110.02108469958334,91.84184143608536,56.09996938869794,44.54790305237748,34.37876087629936,23.7491645764691,10.74619838006663,2,10,23,0
2024-10-24 23:38:34.267733,110.00835578529822,92.65229280850507,51.16350768180068,44.95735647877502,30.73100048633411,20.51308969014652,10.282388038362836,3,10,24,0
2024-10-25 23:38:34.267733,103.31751004991045,81.90657373133618,52.14518126592309,39.949512604748946,29.467411706762498,20.6260738284261,9.572879343494192,4,10,25,0
2024-10-26 23:38:34.267733,102.94335545768065,79.41809150568487,50.793560297503205,38.635756491474474,31.37136514760195,20.579093564396707,10.140445367314513,5,10,26,1
2024-10-27 23:38:34.267733,126.5720412413269,89.1643293551766,52.24399531718483,43.99637320236213,33.01261548871806,22.521886665109538,10.765510547323455,6,10,27,1
2024-10-28 23:38:34.267733,119.94568534904009,84.82844500042786,55.344855401109896,45.039557154647625,34.768971689917734,26.177906598025928,11.3482545028888,0,10,28,0
2024-10-29 23:38:34.267733,128.77880264014723,99.42323778382965,63.731630540322485,49.29675209043595,36.380055714051245,25.012610855027614,12.398507879994122,1,10,29,0
2024-10-30 23:38:34.267733,126.32883589206571,100.33052243522762,62.404916482196505,48.60529283655148,35.88001089881418,23.802801789212445,11.882542665166337,2,10,30,0
2024-10-31 23:38:34.267733,117.60795373242439,85.56645299759694,56.927559078499236,47.91219012202131,32.921683966020865,22.844625182987084,11.299272192426512,3,10,31,0
2024-11-01 23:38:34.267733,105.99493441300805,90.63204068179553,58.402232808224056,43.97790872024381,34.6944477250671,19.745180222352836,11.593854108770245,4,11,1,0
2024-11-02 23:38:34.267733,110.6774103053279,86.8600369922669,50.7660701856154,42.70297176365433,31.581288557041454,20.68179970948325,11.35848694618133,5,11,2,1
2024-11-03 23:38:34.267733,109.34504867792573,88.90618814488768,52.79077444799496,46.919202498646015,35.788490206422324,22.23255251200962,10.671126856597562,6,11,3,1
2024-11-04 23:38:34.267733,120.83729607820281,100.14823875394742,59.28092438124831,51.588970742795766,38.888390811454535,23.880189424445977,12.617005120129875,0,11,4,0
2024-11-05 23:38:34.267733,124.32753016169616,110.48624975189092,63.263208909532096,51.817359773040394,39.52377071747444,25.503224452202062,13.081133067329965,1,11,5,0
2024-11-06 23:38:34.267733,124.18345382883595,99.74673152575745,62.495390189258906,49.5303384924485,36.48479447049423,23.93239669399867,11.803276668814124,2,11,6,0
2024-11-07 23:38:34.267733,126.70538778512781,93.09855830660956,56.96295733123931,43.429165516003785,35.145223621033,24.147449657676525,11.922598317053456,3,11,7,0
2024-11-08 23:38:34.267733,97.68708718737035,83.78128692210231,54.391845066450294,40.6791379339809,32.070730535512354,21.40488969498402,11.471307274239187,4,11,8,0
2024-11-09 23:38:34.267733,108.54603225930211,80.69240756808446,49.42851709323866,41.435443114262476,30.178866601133674,21.013645940347295,9.950200727620746,5,11,9,1
2024-11-10 23:38:34.267733,102.21432803187489,91.5436691764355,58.748365204094725,42.89213855081069,33.56991113892935,21.72768676105171,10.569039328275183,6,11,10,1
2024-11-11 23:38:34.267733,115.59741070031897,90.94132071977745,58.77315706865165,46.80888540573556,33.61856132204014,23.74660468971221,12.304537736348367,0,11,11,0
2024-11-12 23:38:34.267733,127.09192172270318,97.60399993917065,63.6168239479035,48.77216734494076,38.275669704052255,25.154532012240907,12.30046452919946,1,11,12,0
2024-11-13 23:38:34.267733,118.17119118822224,92.36920308713547,59.781708912316724,48.19930194581143,34.65801138187589,22.702828002838086,12.060717246894253,2,11,13,0
2024-11-14 23:38:34.267733,103.36514555681666,88.91901486015612,55.518817771116055,43.3605502224671,32.92790031774822,21.092657400217384,11.045681552846567,3,11,14,0
2024-11-15 23:38:34.267733,97.03434250501907,81.82333726220293,51.72984872623997,41.21734770817997,30.608190122714884,19.81844618148712,10.256434065595963,4,11,15,0
2024-11-16 23:38:34.267733,102.4307805703739,83.376393237592,50.63566731289354,39.742065559900446,29.321480087154036,18.460687441666884,9.240043118414508,5,11,16,1
2024-11-17 23:38:34.267733,101.11884471411956,81.77647670274521,53.99214583602148,37.95733801637435,32.311244064024486,20.134877714819552,11.000726640581249,6,11,17,1
2024-11-18 23:38:34.267733,114.24970145047398,89.4544270608778,59.906585576613125,43.38829261338813,33.237867065835445,22.157260826968162,11.901535846470297,0,11,18,0
2024-11-19 23:38:34.267733,117.92611534290374,90.24355005157851,59.340430995946015,46.79112734591064,36.616422789201266,24.414040409389663,11.655130242304452,1,11,19,0
2024-11-20 23:38:34.267733,111.66058293286115,90.15769469640773,59.23180172941639,43.54804438267387,32.456605880896944,23.24627826317997,11.470119992182092,2,11,20,0
2024-11-21 23:38:34.267733,117.79324734741215,87.16802349280782,53.31242421467469,44.02926822030661,32.311627439555274,21.608295291524648,9.94179893880069,3,11,21,0
2024-11-22 23:38:34.267733,103.563903578293,83.34340123994377,53.79744727197515,43.219225051368575,33.02668603859831,20.929759655508562,10.296558224679211,4,11,22,0
2024-11-23 23:38:34.267733,90.24517611337161,76.60804994061722,48.49446376818165,42.585879322058496,28.610769727089533,19.936806020932533,10.323117625523038,5,11,23,1
2024-11-24 23:38:34.267733,108.51172251527153,89.54198443356213,58.29207655298922,42.60489463470933,31.25721782664004,21.906355038213764,10.726849585642784,6,11,24,1
2024-11-25 23:38:34.267733,113.9146523311044,99.2014191591769,58.511397450862326,49.87088613567845,35.937937170972276,23.341495178056775,12.284535145429887,0,11,25,0
2024-11-26 23:38:34.267733,126.99960376995514,99.84368928967402,57.791780792691895,49.39230975279383,37.090603801701604,24.812849768594432,12.106705094107433,1,11,26,0
2024-11-27 23:38:34.267733,116.76226113027566,104.0870751081836,60.68269344849655,47.61577398673958,36.74340459564208,23.56221430687625,12.354789445190717,2,11,27,0
2024-11-28 23:38:34.267733,112.92389984686923,87.7029088469487,55.046161883414655,44.17222749459961,34.78305531148261,20.260699252564315,10.839926036074313,3,11,28,0
2024-11-29 23:38:34.267733,109.81758673088333,80.85550145553917,55.74793404046233,42.31212076141617,33.13987730363697,21.324250905009908,10.717488958160985,4,11,29,0
2024-11-30 23:38:34.267733,111.84867461154036,78.90103791693468,52.12838937208889,42.23160581919344,33.92051935514125,22.92672786423789,10.664812735117554,5,11,30,1
2024-12-01 23:38:34.267733,108.63632546721117,97.69442324794878,56.20344516820806,46.195955445746996,35.00607023613978,23.853776902739597,11.576434711269474,6,12,1,1
2024-12-02 23:38:34.267733,122.10810950461621,101.64195517247299,57.166456014546654,49.833394235628106,36.77229822321847,25.721520621355364,12.193298103965414,0,12,2,0
2024-12-03 23:38:34.267733,126.0452955676534,102.51367901512472,63.079245263606396,51.3741008896901,39.53486718884155,26.920135146497852,12.776265914509983,1,12,3,0
2024-12-04 23:38:34.267733,122.02429483511497,101.35262730366611,56.58577218241937,50.99025273868611,40.437105201737886,25.146845790558142,12.942117685519106,2,12,4,0
2024-12-05 23:38:34.267733,125.6810514120609,88.98106797933083,54.467133046613405,49.12280463383485,34.857183443622766,23.568071749536678,11.466995902446433,3,12,5,0
2024-12-06 23:38:34.267733,111.45489785527207,97.32699935884115,56.61603129059439,45.67110399106957,31.367202833134233,21.26834596465911,10.13971037967739,4,12,6,0
2024-12-07 23:38:34.267733,102.11772110461848,87.25459742893585,56.17557083477392,40.39906041361767,34.18726326681856,21.36835531923169,11.717006039732079,5,12,7,1
2024-12-08 23:38:34.267733,118.82547557777518,91.82651185242062,58.18172682571306,40.58662406719662,34.09027800681999,23.463004318271405,12.114343623595374,6,12,8,1
2024-12-09 23:38:34.267733,132.6024041686438,100.49636504245927,58.57837123396729,50.66528909591079,33.338482636053136,25.602209073884943,11.553030970805253,0,12,9,0
2024-12-10 23:38:34.267733,130.4008521336595,102.11485759166987,62.49998452509693,47.36165293553066,38.84269026499676,24.908258890499752,12.868706485712973,1,12,10,0
2024-12-11 23:38:34.267733,113.26967429124511,97.58875539392866,60.42425571278116,47.89707884462071,35.45696495737367,23.723115559351623,11.835165026825846,2,12,11,0
2024-12-12 23:38:34.267733,109.06841296766288,86.02976884381405,52.8488799430157,42.25560728067893,33.311075076142,22.29844462525542,11.28070194086494,3,12,12,0
2024-12-13 23:38:34.267733,109.83445515486594,84.68579295569026,55.508445458884296,37.795998888413095,31.547940318533367,21.301186630715677,10.49710200540003,4,12,13,0
2024-12-14 23:38:34.267733,98.72423528911088,89.33816407966395,53.32469703504157,41.98795850329149,30.964524304830032,19.00866170730741,10.109054361562318,5,12,14,1
2024-12-15 23:38:34.267733,110.30581262469221,91.85105257178877,53.49094730740638,44.75299651418972,33.49019237089688,19.321162143654973,10.416788715602909,6,12,15,1
2024-12-16 23:38:34.267733,119.8939836591941,99.18939722019552,58.07762129351004,45.255304555365534,34.15301446175946,22.6536258289179,11.256810813046611,0,12,16,0
2024-12-17 23:38:34.267733,114.99155534660972,93.65610345787537,60.334060872118954,42.66839849751024,36.65752100861417,22.70452911498587,11.504524812709393,1,12,17,0
2024-12-18 23:38:34.267733,115.57359666881489,88.73855947826478,52.83127455350122,45.25600048314459,34.372047018361286,22.666104492177467,11.171211240797165,2,12,18,0
2024-12-19 23:38:34.267733,91.23459188163041,85.44959518518203,53.102520834686395,43.759979443595405,33.34049429592399,21.340405397577683,10.710503713172901,3,12,19,0
2024-12-20 23:38:34.267733,95.59164835721616,80.79376890026487,48.65183266194931,37.32761148800678,31.137127195185858,19.68946890375451,9.713478661833385,4,12,20,0
2024-12-21 23:38:34.267733,99.67217069544517,85.12477523581256,47.9634557014682,40.740724420522696,28.877345382656397,21.63946982495294,10.434527178097408,5,12,21,1
2024-12-22 23:38:34.267733,102.00425897176977,79.82468138641593,53.41883670858212,43.26665025429161,34.10192563874075,21.97537974092112,11.567940565827364,6,12,22,1
2024-12-23 23:38:34.267733,125.71423430106694,100.15994350296947,63.270305207828194,48.17945411176568,34.461708166751556,23.81090991589258,11.465191157455854,0,12,23,0
2024-12-24 23:38:34.267733,115.23320920755367,97.27510128356951,62.79406520184594,49.19272717577104,37.92726152662877,25.09899036351477,12.358093860003372,1,12,24,0
2024-12-25 23:38:34.267733,117.54788668816434,94.09096301752973,58.44610708636764,45.95310576689659,36.47536370659679,22.810788706549083,12.224653467316394,2,12,25,0
2024-12-26 23:38:34.267733,113.03181313593629,85.854070698564,57.620512078143314,47.34438710313132,36.47070859004443,23.514733837321437,11.473812160410223,3,12,26,0
2024-12-27 23:38:34.267733,113.83783330487178,78.6857468001699,56.81412202123561,42.33552759776255,31.654241084304584,21.250529085372783,10.701124319912164,4,12,27,0
2024-12-28 23:38:34.267733,100.46628848705924,89.40916173021282,56.13438382876015,43.00363061816271,31.769704578709643,22.1996004658325,11.135901133475505,5,12,28,1
2024-12-29 23:38:34.267733,121.23241207223205,92.62654651791942,57.857372580529066,44.30010140643652,34.59584858460558,22.011461429251295,11.782783807486055,6,12,29,1
2024-12-30 23:38:34.267733,124.82159722961835,94.6565019406521,60.76787401799626,49.02160826742514,36.9763599031047,23.400327618888017,11.858211981288392,0,12,30,0
2024-12-31 23:38:34.267733,124.34229042215577,98.21955185366195,66.37047512273175,49.93032804290441,39.97486295613173,26.667856393504135,13.35956139993419,1,12,31,0
2025-01-01 23:38:34.267733,128.28663205282348,99.43775294804517,63.97177080430792,50.044553752756,35.36836849179725,25.571632462398938,13.041256886784083,2,1,1,0
2025-01-02 23:38:34.267733,118.8026472722552,100.92196513666785,61.141657447263256,50.54635647803983,33.76168100959683,22.659418204520062,11.399091827349494,3,1,2,0
2025-01-03 23:38:34.267733,108.15918127198042,87.8898471207651,57.16806233309212,41.72030397724704,31.74637531496353,21.362390050280183,11.134995483501239,4,1,3,0
2025-01-04 23:38:34.267733,111.49411293913477,82.90351019887531,58.19643304539066,41.23091820992038,34.76899214221576,23.354455287251703,11.456174747823999,5,1,4,1
2025-01-05 23:38:34.267733,115.76954696940471,93.17391970662703,57.509969447955335,50.020786636472614,37.874754544986935,22.34981109787537,11.66495458558167,6,1,5,1
2025-01-06 23:38:34.267733,126.19414521335912,99.41035251069164,66.10676440763726,49.83197604053743,37.53129371832466,26.76798465067654,13.099144872593296,0,1,6,0
2025-01-07 23:38:34.267733,131.87695043015722,92.06549107427531,64.77714754050699,50.08837334570096,38.31665653248058,24.812638676862527,14.038565953064879,1,1,7,0
2025-01-08 23:38:34.267733,131.7313037873624,98.82379629923727,67.08876203488099,51.600297257446414,37.24544415666047,25.39863586693551,11.987128954346073,2,1,8,0
2025-01-09 23:38:34.267733,108.16173944490612,90.55691543039758,55.45243892429627,44.52909569614242,36.048062535624396,22.54154491205909,10.74455939232715,3,1,9,0
2025-01-10 23:38:34.267733,117.37558274855724,88.1531581594744,57.69511744555107,46.33618577720423,30.622095061296907,21.94527060613752,10.822950885330027,4,1,10,0
2025-01-11 23:38:34.267733,96.2052783323971,92.16839824378907,53.47763562366142,43.74213867468239,32.14726867310506,20.649029463887732,10.957352985564032,5,1,11,1
2025-01-12 23:38:34.267733,111.2170688302626,94.08705556254345,54.35945214368414,43.814574905884804,35.0555947363058,22.23240595501581,11.082166243621668,6,1,12,1
2025-01-13 23:38:34.267733,122.454972289733,94.53515424362877,58.54697854351926,52.11997092945506,36.605657132102806,23.943596426857745,12.677968957391528,0,1,13,0
2025-01-14 23:38:34.267733,123.65637888695255,93.37503200365524,60.32484150365289,47.68913797330428,36.95979828938133,23.448096453874005,11.555839054966114,1,1,14,0
2025-01-15 23:38:34.267733,114.46903372329349,104.35946427091662,59.85168052720302,48.5172032729772,36.77632853556965,24.25733060989942,12.104712443755453,2,1,15,0
2025-01-16 23:38:34.267733,107.57641713679418,87.13049644692241,55.615602914379025,44.04539651624521,28.53026007707531,21.210192111244524,10.558772428478608,3,1,16,0
2025-01-17 23:38:34.267733,99.38439047317974,81.53523328483091,49.490447563390504,43.34324063738716,31.571631523238537,20.141279113954763,11.04462846775104,4,1,17,0
2025-01-18 23:38:34.267733,99.31055367985847,81.7094016232236,51.0678022516373,44.02597337928552,29.69609971468272,19.457126118307393,11.221995423042014,5,1,18,1
2025-01-19 23:38:34.267733,113.7906158150592,88.42642330703468,60.1269785615067,43.88105043011316,30.116832253701542,19.346187407195504,10.570932239103733,6,1,19,1
2025-01-20 23:38:34.267733,120.1428700378137,94.108792438695,63.49775422924602,45.836281302503025,36.274141681684014,23.480530758997524,11.561000692844557,0,1,20,0
2025-01-21 23:38:34.267733,118.88394278772687,95.58414458370316,62.26505455620015,49.859340591490295,38.76503504695348,26.882313574418944,12.664643019892914,1,1,21,0
2025-01-22 23:38:34.267733,123.44851482508471,92.97297659337319,59.57026641937973,46.224775439663176,35.478981862434,24.574707377481715,11.701486219897088,2,1,22,0
2025-01-23 23:38:34.267733,112.84899999733268,88.91898883349572,55.956329513270475,48.5517754522331,34.8230625386893,22.243240098855534,11.108544630328847,3,1,23,0
2025-01-24 23:38:34.267733,109.95355983828958,82.53770031074076,54.47841955387342,42.62877035980338,34.1851921602114,20.914959019610684,10.601619134680682,4,1,24,0
2025-01-25 23:38:34.267733,110.67657262557427,83.17135960205631,51.20723279498208,42.28072826375826,34.23090020516293,21.52815157600329,9.793006263496792,5,1,25,1
2025-01-26 23:38:34.267733,111.62568576679787,93.04224956789417,57.241889067145756,46.677624940293114,37.19114504047956,23.70125127945686,11.570147209093705,6,1,26,1
2025-01-27 23:38:34.267733,122.36380005558777,99.11185533557469,58.41089244359233,47.37162952356965,38.662602813579625,23.85212823600568,12.171606638625175,0,1,27,0
2025-01-28 23:38:34.267733,133.0970993392581,109.5044770052442,65.6783734633341,49.80102444843541,38.92133985244493,26.986447957397232,12.689501720164294,1,1,28,0
2025-01-29 23:38:34.267733,128.9362259151586,90.10362043682096,64.56017714325249,52.754577651085356,35.36236365855163,25.892256233039497,13.310253460533534,2,1,29,0
2025-01-30 23:38:34.267733,117.87678834367519,98.75106445848658,57.78268200099953,45.878729967455584,35.02529516185385,24.314444988407118,11.169876184209963,3,1,30,0
2025-01-31 23:38:34.267733,112.72130565064127,94.69207575726841,60.00230127527376,42.76004552827507,32.37553072725492,22.8654094856292,11.620069466783725,4,1,31,0
2025-02-01 23:38:34.267733,119.52672552074102,82.21715990380652,53.504786363393585,46.32866592177413,37.197934388786386,22.647296866053765,11.174358639013985,5,2,1,1
2025-02-02 23:38:34.267733,117.49639276229877,94.99264938886094,56.56618765271442,50.55310819191717,35.87244619329488,24.763711177262408,11.905544886399877,6,2,2,1
2025-02-03 23:38:34.267733,131.3467867005172,101.40327637175045,64.86677944373344,52.88242653919694,38.76819714857683,26.31407409267478,13.256315927492556,0,2,3,0
2025-02-04 23:38:34.267733,130.3347419262588,99.44651737187132,68.29059835074453,54.53037744698294,40.23093962058918,25.915100326744632,13.304596166127272,1,2,4,0
2025-02-05 23:38:34.267733,125.2590425781696,97.96669212508107,67.38354352579753,49.02538926058337,37.96963824785039,24.69588794596424,12.920051358040336,2,2,5,0
2025-02-06 23:38:34.267733,122.51502359302594,89.17460808460868,57.36335900937265,43.96483439975231,37.648918360573134,23.506084161879986,12.18620626357543,3,2,6,0
2025-02-07 23:38:34.267733,114.05467336288721,94.95115506805215,57.660497892551774,46.9737039510898,32.04430344278244,23.534538475084602,10.827104970203045,4,2,7,0
2025-02-08 23:38:34.267733,113.9093387205332,91.61614600501386,54.82462409651323,43.29135653852773,33.24444834501486,20.729251032452098,10.678060686799125,5,2,8,1
2025-02-09 23:38:34.267733,122.6941246621214,98.01960488105642,57.65179706332282,45.965026217629806,33.736313309357854,21.765820859517508,11.074097799356075,6,2,9,1
2025-02-10 23:38:34.267733,123.52121292484854,101.61964322952075,63.91724670205906,52.02286577037202,35.044824348174366,24.847999584573465,11.928914106678999,0,2,10,0
2025-02-11 23:38:34.267733,128.80946747973684,95.80355501374069,64.33065850766455,51.27234106810612,36.702257150620675,25.13082822650842,14.014517474980563,1,2,11,0
2025-02-12 23:38:34.267733,118.38937863294761,93.85448886761282,56.02937581549682,48.88806051052917,35.92665852920185,24.161484147553388,12.616411031959881,2,2,12,0
2025-02-13 23:38:34.267733,112.17632733028194,90.40189469918346,58.9690986582346,48.55220291693806,32.522695333576024,22.355052311476445,10.38001237367996,3,2,13,0
2025-02-14 23:38:34.267733,103.16990666794625,78.16798631625996,55.36053935526096,40.24121231515358,30.107555112124615,20.54092213332213,9.720833215606682,4,2,14,0
2025-02-15 23:38:34.267733,104.90524638657395,86.38820696997784,50.64622652703136,43.62378688080662,29.216603772975358,22.373916750924153,10.682959687020281,5,2,15,1
2025-02-16 23:38:34.267733,114.59662650773214,88.33537151180552,56.79992952386731,44.7623628020132,33.36159405522123,20.723264297633,11.43571653674374,6,2,16,1
2025-02-17 23:38:34.267733,115.74925004177534,94.37299953615577,61.1552521946782,48.4733259409036,33.695025476336305,23.139573666808296,12.258477263452953,0,2,17,0
2025-02-18 23:38:34.267733,133.34286962855842,101.14858647291885,62.092151039625335,52.20931015287751,38.00436392057374,24.472931889877177,12.160615428236262,1,2,18,0
2025-02-19 23:38:34.267733,113.59059453162446,96.67359839724254,57.93457783494793,48.46394408822843,35.709864061138646,22.080947476670424,11.799341013910848,2,2,19,0
2025-02-20 23:38:34.267733,104.54269063326373,87.04704229448559,53.62775842875607,45.32204563698022,30.997762859963323,21.946872335008404,11.225303131799917,3,2,20,0
2025-02-21 23:38:34.267733,111.1776825570551,88.94702176510081,52.629678917298776,44.299865950441514,31.152324841291637,22.738895803638975,10.581659322102144,4,2,21,0
2025-02-22 23:38:34.267733,111.44101400466802,81.66190711748308,56.67317281557508,42.26317475485557,31.116575552070127,21.51742659526663,9.638619867111567,5,2,22,1
2025-02-23 23:38:34.267733,119.1153744991651,95.25956275890051,59.35638809343824,44.71949083088372,35.277194389800066,23.429655988499547,11.484577726102836,6,2,23,1
2025-02-24 23:38:34.267733,128.36972842835118,102.55480573749735,61.687464610799616,48.00158196476984,39.579075933643644,23.785435411233372,12.097096871072818,0,2,24,0
2025-02-25 23:38:34.267733,128.91570213667848,101.94336304347446,66.41771477707738,47.65806122161322,35.8803220958053,25.179025792143133,12.985299309545562,1,2,25,0
2025-02-26 23:38:34.267733,120.70397242852759,101.45672751773388,55.47376559140319,54.18851197426335,37.72961240450815,24.662852476867414,14.011653929897381,2,2,26,0
2025-02-27 23:38:34.267733,117.86961247889307,88.98801744479833,61.61720909489248,44.789819143726405,35.00697771302737,23.180402840828652,11.932799801529594,3,2,27,0
2025-02-28 23:38:34.267733,109.01548543010048,93.61714326695645,51.851362546885284,44.518010347892876,34.72739831097402,23.76190259253598,11.083364555679907,4,2,28,0
2025-03-01 23:38:34.267733,119.25582275435069,90.76457072403758,56.284009690123135,45.198463035126935,34.63386216853512,23.43373587817751,11.89892315971482,5,3,1,1
2025-03-02 23:38:34.267733,121.68563698070226,95.8458470284942,58.41128720754112,49.58318295090338,35.59832316885566,23.372726820705555,12.483436332425901,6,3,2,1
2025-03-03 23:38:34.267733,126.66713000790968,108.83172969684534,62.16060430663385,53.949320821827484,38.75980389406174,26.40542797680645,13.289508844413145,0,3,3,0
2025-03-04 23:38:34.267733,131.76540627350303,103.88049362324337,69.58823470933031,55.069881169426694,38.81766185932517,27.172688844850388,13.640658844784637,1,3,4,0
2025-03-05 23:38:34.267733,130.32112539177658,96.97132931086452,62.958981056919505,50.136432371021506,40.09095114401744,26.791442662600957,13.853918594454617,2,3,5,0
2025-03-06 23:38:34.267733,116.39787439787186,89.14668103541777,60.474508285272655,47.352355437183874,35.79691662157543,25.42384011894672,11.356205498526215,3,3,6,0
2025-03-07 23:38:34.267733,108.73119149494302,92.6978745836027,56.303845289189624,45.70207729008666,36.70447407046206,21.553364502727167,11.521045385683244,4,3,7,0
2025-03-08 23:38:34.267733,114.78772450626245,85.73371334905717,57.97724629245924,44.93033312715405,33.97979531391893,21.903000178550236,10.893738279889519,5,3,8,1
2025-03-09 23:38:34.267733,121.56514249369894,103.29142443846172,60.362209546728295,51.35081500730212,35.0394827410809,22.810484068716445,12.311787286986656,6,3,9,1
2025-03-10 23:38:34.267733,124.89512160557048,93.61615235440603,60.507438180741644,51.95388489624696,35.9583796558086,25.251947637378244,12.283640492499565,0,3,10,0
2025-03-11 23:38:34.267733,126.45056891727428,109.83043382945286,66.89354727130079,52.99205975024599,35.937018619225846,26.22751046351951,12.671892637734048,1,3,11,0
2025-03-12 23:38:34.267733,123.88631244829142,99.02492007801307,60.128639922848336,50.41618764193612,34.441614913942736,25.53254706888975,12.12506131903137,2,3,12,0
2025-03-13 23:38:34.267733,105.84951498533314,90.08509690677425,52.6535135997605,47.58292239209855,34.32767098436315,22.54203631492143,11.796902028954332,3,3,13,0
2025-03-14 23:38:34.267733,99.48193723266363,83.03572853640132,52.189340149858424,42.96974555922597,32.71886436620882,20.984003697654433,11.111152832425848,4,3,14,0
2025-03-15 23:38:34.267733,103.7857279838021,87.49890372945971,57.440874021617915,40.357515740114025,29.841598673971085,21.627347810261597,10.114936220783237,5,3,15,1
2025-03-16 23:38:34.267733,113.43039437247788,91.4475652951303,59.37436942080229,46.59842795592013,35.69184651042531,22.0643831245774,11.477230068603635,6,3,16,1
2025-03-17 23:38:34.267733,123.64107645046948,102.08243842604966,60.17163897522009,47.53190166140813,35.90137000921868,26.506846446190664,11.853863934873361,0,3,17,0
2025-03-18 23:38:34.267733,131.50952589090645,99.7631064395751,61.19322814228326,48.59586455896395,37.46001295982593,23.218887934113678,11.784022025278201,1,3,18,0
2025-03-19 23:38:34.267733,123.2563638614697,95.77565964221519,58.67994524468634,48.75995433569402,38.10875066602102,23.978353727987646,11.788298049333774,2,3,19,0
2025-03-20 23:38:34.267733,109.73806375903425,86.9757562782257,60.46074816332781,46.69166870640783,34.506585896453714,24.13115750099992,10.899534246657229,3,3,20,0
2025-03-21 23:38:34.267733,105.31957997326846,84.10394631534125,53.66216913696983,42.20840755858489,31.221602331975824,21.089732047116378,11.754824344450952,4,3,21,0
2025-03-22 23:38:34.267733,102.80509674614812,87.48540193103798,54.983975902646264,43.7447634529328,31.008534732678218,21.37350967886594,10.998254269614065,5,3,22,1
2025-03-23 23:38:34.267733,116.31309755764579,86.28385701945967,60.77854025388347,49.966695184313565,31.69397586928836,22.92368722471112,10.951757573383654,6,3,23,1
2025-03-24 23:38:34.267733,123.82955914147014,94.8255401804338,63.233399065601695,50.59064729340547,36.503125721957616,24.874178785451754,12.24489823152161,0,3,24,0
2025-03-25 23:38:34.267733,130.00862003172026,105.68907816011472,63.54990825046315,56.56137712037272,38.20181281076741,27.051853920682497,13.35019437071768,1,3,25,0
2025-03-26 23:38:34.267733,120.02432646268556,100.01184669686951,61.58936596751114,50.795211763441955,35.76737506340738,22.620234324759927,13.46026950447968,2,3,26,0
2025-03-27 23:38:34.267733,119.15549308695827,92.51107506719123,58.10037710934105,43.10197868798934,34.77074270408727,24.845185804446814,10.862884395456263,3,3,27,0
2025-03-28 23:38:34.267733,119.79210413045207,89.77646338461292,55.971149191444994,46.35804706838474,33.75380069406991,21.001724760637693,10.272878763974395,4,3,28,0
2025-03-29 23:38:34.267733,114.4316092760222,93.37065483609187,59.306778868245694,46.75248077708815,34.155339032779835,22.728429674426884,12.43302358951654,5,3,29,1
2025-03-30 23:38:34.267733,125.64275277718325,96.74831661211337,61.94696179786251,52.0331831748409,36.11525437877137,24.297594413039043,12.558226505354304,6,3,30,1
2025-03-31 23:38:34.267733,135.5991618021583,102.60553457327292,67.90582111484031,54.20573943998101,39.89751456103091,27.018241638491265,12.78069781842209,0,3,31,0
